<?xml version="1.0" encoding="UTF-8"?>
<jndiJdbcDataSource exportedWithPermissions="true">
    <folder>/datasources</folder>
    <name>repositoryDS</name>
    <version>1</version>
    <label>Jasperserver Repository SQL data source</label>
    <description>Jasperserver Repository SQL data source for reporting</description>
    <creationDate>2013-10-22T12:53:59.903-07:00</creationDate>
    <updateDate>2013-10-21T12:26:08.893-07:00</updateDate>
    <permission>
        <permissionMask>0</permissionMask>
        <recipient recipientType="role">ROLE_USER</recipient>
    </permission>
    <jndiName>jdbc/jasperserver</jndiName>
</jndiJdbcDataSource>
