<?xml version="1.0" encoding="UTF-8"?>
<mondrianXmlaDefinition>
    <folder>/analysis/xmla/definitions</folder>
    <name>FoodmartXmlaDefinition</name>
    <version>0</version>
    <label>Foodmart Mondrian XMLA definition</label>
    <description>Foodmart Mondrian XMLA definition</description>
    <creationDate>2011-06-03T13:46:58.000-07:00</creationDate>
    <updateDate>2011-06-03T13:46:58.000-07:00</updateDate>
    <catalog>Foodmart</catalog>
    <mondrianConnection>
        <uri>/analysis/connections/Foodmart</uri>
    </mondrianConnection>
</mondrianXmlaDefinition>
