<?xml version="1.0" encoding="UTF-8"?>
<folder exportedWithPermissions="true">
    <parent>/organizations/organization_1/analysis</parent>
    <name>datasources</name>
    <label>Analysis Data Sources</label>
    <description>Data sources used by Analysis</description>
    <creationDate>2013-10-16T12:03:49.000-07:00</creationDate>
    <updateDate>2013-10-16T12:03:49.000-07:00</updateDate>
    <resource>FoodmartDataSource</resource>
    <resource>FoodmartDataSourceJNDI</resource>
    <resource>SugarCRMDataSource</resource>
    <resource>SugarCRMDataSourceJNDI</resource>
</folder>
