<?xml version="1.0" encoding="UTF-8"?>
<jdbcDataSource exportedWithPermissions="true">
    <folder>/organizations/organization_1/datasources</folder>
    <name>JServerJdbcDS</name>
    <version>0</version>
    <label>JServer Jdbc Data Source</label>
    <description>JServer Jdbc Data Source</description>
    <creationDate>2013-10-16T12:14:27.000-07:00</creationDate>
    <updateDate>2013-10-16T12:14:27.000-07:00</updateDate>
    <driver>oracle.jdbc.OracleDriver</driver>
    <connectionUrl>jdbc:oracle:thin:@eng1-oracle:1521:orcl</connectionUrl>
    <connectionUser>sugarcrm</connectionUser>
    <connectionPassword>ENC&lt;5138E073D85983D4BC86A2BEDBE0CA8D&gt;</connectionPassword>
</jdbcDataSource>
