<?xml version="1.0" encoding="UTF-8"?>
<export><property name="pathProcessorId" value="zip"/><property name="jsVersion" value="4.1.0 CE"/><module id="tenants"><organization>organizations</organization></module><module id="authority"><user>jasperadmin</user><user>joeuser</user><user>etluser</user><user>etladmin</user><user>admin</user><user>anonymousUser</user><role>ROLE_USER</role><role>ROLE_ETL_ADMIN</role><role>ROLE_ADMINISTRATOR</role><role>ROLE_ANONYMOUS</role><role>ROLE_PORTLET</role></module><module id="repositoryResources"><folder>/</folder></module><module id="reportJobs"/></export>