<?xml version="1.0" encoding="UTF-8"?>
<folder>
    <parent>/themes/hale</parent>
    <name>images</name>
    <label>images</label>
    <creationDate>2011-06-03T13:47:34.000-07:00</creationDate>
    <updateDate>2011-06-03T13:47:34.000-07:00</updateDate>
    <resource>bullet_arrow.gif</resource>
    <resource>clear.png</resource>
    <resource>controls.png</resource>
    <resource>display.png</resource>
    <resource>export.png</resource>
    <resource>folder_open.png</resource>
    <resource>folder.png</resource>
    <resource>grouper_sprite.png</resource>
    <resource>home_bkgd.png</resource>
    <resource>home_icons_sprite.png</resource>
    <resource>input_bg.gif</resource>
    <resource>js_logo_grays.png</resource>
    <resource>lists_sprite.png</resource>
    <resource>move_down_gray.png</resource>
    <resource>move_far_down_gray.png</resource>
    <resource>move_far_left_gray.png</resource>
    <resource>move_far_right_gray.png</resource>
    <resource>move_far_up_gray.png</resource>
    <resource>move_left_gray.png</resource>
    <resource>move_right_gray.png</resource>
    <resource>move_up_gray.png</resource>
    <resource>mutton.png</resource>
    <resource>navigation_down_gray.png</resource>
    <resource>navigation_down.png</resource>
    <resource>navigation_right_gray.png</resource>
    <resource>options.png</resource>
    <resource>panel_close.png</resource>
    <resource>pivot.png</resource>
    <resource>redo.png</resource>
    <resource>resize_vertical.png</resource>
    <resource>save.png</resource>
    <resource>search_sprite.png</resource>
    <resource>search.png</resource>
    <resource>sort.png</resource>
    <resource>styles.png</resource>
    <resource>tabs_horizontal_sprite.png</resource>
    <resource>undo.png</resource>
    <resource>undo-all.png</resource>
    <resource>wait_animation_large.gif</resource>
</folder>
