<?xml version="1.0" encoding="UTF-8"?>
<contentResource dataFile="HtmlTestFile">
    <folder>/ContentFiles/html</folder>
    <name>HtmlTestFile</name>
    <version>0</version>
    <label>HTML test file with images</label>
    <creationDate>2011-06-03T13:46:49.000-07:00</creationDate>
    <updateDate>2011-06-03T13:46:49.000-07:00</updateDate>
    <fileType>html</fileType>
    <subResource dataFile="img_0_0_1">
        <folder>/ContentFiles/html/HtmlTestFile_files</folder>
        <name>img_0_0_1</name>
        <version>0</version>
        <label>img_0_0_1</label>
        <creationDate>2011-06-03T13:46:49.000-07:00</creationDate>
        <updateDate>2011-06-03T13:46:49.000-07:00</updateDate>
        <fileType>html</fileType>
    </subResource>
    <subResource dataFile="px">
        <folder>/ContentFiles/html/HtmlTestFile_files</folder>
        <name>px</name>
        <version>0</version>
        <label>px</label>
        <creationDate>2011-06-03T13:46:49.000-07:00</creationDate>
        <updateDate>2011-06-03T13:46:49.000-07:00</updateDate>
        <fileType>html</fileType>
    </subResource>
    <subResource dataFile="img_0_7_125">
        <folder>/ContentFiles/html/HtmlTestFile_files</folder>
        <name>img_0_7_125</name>
        <version>0</version>
        <label>img_0_7_125</label>
        <creationDate>2011-06-03T13:46:49.000-07:00</creationDate>
        <updateDate>2011-06-03T13:46:49.000-07:00</updateDate>
        <fileType>html</fileType>
    </subResource>
</contentResource>
