<?xml version="1.0" encoding="UTF-8"?>
<virtualDataSource exportedWithPermissions="true">
    <folder>/datasources</folder>
    <name>SugarFoodmartVDS</name>
    <version>0</version>
    <label>SugarCRM-Foodmart Virtual Data Source</label>
    <description>Virtual Data Source Combining SugarCRM and Foodmart</description>
    <creationDate>2013-10-22T15:41:16.000-07:00</creationDate>
    <updateDate>2013-10-22T15:41:16.000-07:00</updateDate>
    <dataSource>
        <alias>SugarCRMDataSource</alias>
        <dataSourceReference>
            <uri>/analysis/datasources/SugarCRMDataSourceJNDI</uri>
        </dataSourceReference>
    </dataSource>
    <dataSource>
        <alias>FoodmartDataSource</alias>
        <dataSourceReference>
            <uri>/analysis/datasources/FoodmartDataSourceJNDI</uri>
        </dataSourceReference>
    </dataSource>
</virtualDataSource>
