<?xml version="1.0" encoding="UTF-8"?>
<listOfValues exportedWithPermissions="true">
    <folder>/properties</folder>
    <name>GlobalPropertiesList</name>
    <version>1</version>
    <label>GlobalPropertiesList</label>
    <description>GlobalPropertiesList</description>
    <creationDate>2013-10-22T12:39:34.553-07:00</creationDate>
    <updateDate>2013-10-22T12:40:23.220-07:00</updateDate>
    <item>
        <itemLabel>jdbc:org.postgresql.Driver</itemLabel>
        <itemValue xmlns:xsi="http://www.w3.org/2001/XMLSchema-instance" xsi:type="java:java.lang.String">[SYSTEM]</itemValue>
    </item>
</listOfValues>
