<?xml version="1.0" encoding="UTF-8"?>
<folder exportedWithPermissions="true">
    <parent>/organizations/organization_1</parent>
    <name>analysis</name>
    <label>Analysis Components</label>
    <description>Analysis Components</description>
    <creationDate>2013-10-16T12:14:27.000-07:00</creationDate>
    <updateDate>2013-10-16T12:14:27.000-07:00</updateDate>
    <folder>connections</folder>
    <folder>datasources</folder>
    <folder>reports</folder>
    <folder>schemas</folder>
    <folder>views</folder>
    <folder>xmla</folder>
</folder>
