<?xml version="1.0" encoding="UTF-8"?>
<listOfValues exportedWithPermissions="true">
    <folder>/properties</folder>
    <name>GlobalPropertiesList</name>
    <version>7</version>
    <label>GlobalPropertiesList</label>
    <description>GlobalPropertiesList</description>
    <creationDate>2013-10-22T15:40:49.000-07:00</creationDate>
    <updateDate>2013-10-22T16:32:03.000-07:00</updateDate>
    <item>
        <itemLabel>jdbc:com.vertica.Driver</itemLabel>
        <itemValue xmlns:xsi="http://www.w3.org/2001/XMLSchema-instance" xsi:type="java:java.lang.String">[SYSTEM]</itemValue>
    </item>
    <item>
        <itemLabel>jdbc:org.mariadb.jdbc.Driver</itemLabel>
        <itemValue xmlns:xsi="http://www.w3.org/2001/XMLSchema-instance" xsi:type="java:java.lang.String">[SYSTEM]</itemValue>
    </item>
    <item>
        <itemLabel>jdbc:org.postgresql.Driver</itemLabel>
        <itemValue xmlns:xsi="http://www.w3.org/2001/XMLSchema-instance" xsi:type="java:java.lang.String">[SYSTEM]</itemValue>
    </item>
    <item>
        <itemLabel>jdbc:com.ingres.jdbc.IngresDriver</itemLabel>
        <itemValue xmlns:xsi="http://www.w3.org/2001/XMLSchema-instance" xsi:type="java:java.lang.String">[SYSTEM]</itemValue>
    </item>
    <item>
        <itemLabel>jdbc:com.microsoft.sqlserver.jdbc.SQLServerDriver</itemLabel>
        <itemValue xmlns:xsi="http://www.w3.org/2001/XMLSchema-instance" xsi:type="java:java.lang.String">[SYSTEM]</itemValue>
    </item>
    <item>
        <itemLabel>jdbc:oracle.jdbc.OracleDriver</itemLabel>
        <itemValue xmlns:xsi="http://www.w3.org/2001/XMLSchema-instance" xsi:type="java:java.lang.String">[SYSTEM]</itemValue>
    </item>
    <item>
        <itemLabel>jdbc:com.ibm.db2.jcc.DB2Driver</itemLabel>
        <itemValue xmlns:xsi="http://www.w3.org/2001/XMLSchema-instance" xsi:type="java:java.lang.String">[SYSTEM]</itemValue>
    </item>
</listOfValues>
