<?xml version="1.0" encoding="UTF-8"?>
<folder exportedWithPermissions="true">
    <parent>/public/Samples</parent>
    <name>Ad_Hoc_Views</name>
    <label>Ad Hoc Views</label>
    <description>Ad Hoc Views</description>
    <creationDate>2013-10-16T12:00:15.845-07:00</creationDate>
    <updateDate>2012-10-15T09:20:49.812-07:00</updateDate>
    <resource>1_Geographic_Results_by_Segment</resource>
    <resource>2_Sales_Mix_by_Demographic</resource>
    <resource>3_Store_Segment_Performance</resource>
    <resource>4_Product_Results_by_Store_Type</resource>
    <resource>7__Brand_Sales_Analysis</resource>
    <resource>8__Key_Performance_Metric_Trend</resource>
    <resource>Sales_Mix_by_Gender</resource>
    <resource>Unit_Sales_Trend</resource>
</folder>
