<?xml version="1.0" encoding="UTF-8"?>
<adhocDataView exportedWithPermissions="true">
    <folder>/public/Samples/Ad_Hoc_Views</folder>
    <name>2_Sales_Mix_by_Demographic</name>
    <version>0</version>
    <label>2. Sales Mix by Demographic</label>
    <description>Sample HTML5 column chart from OLAP source</description>
    <creationDate>2013-10-16T12:00:20.648-07:00</creationDate>
    <updateDate>2013-03-31T08:12:27.122-07:00</updateDate>
    <dataSource>
        <uri>/public/Samples/Data_Sources/connections/Foodmart2013</uri>
    </dataSource>
    <resource>
        <localResource
            xmlns:xsi="http://www.w3.org/2001/XMLSchema-instance"
            exportedWithPermissions="false" dataFile="topicJRXML.data" xsi:type="fileResource">
            <folder>/public/Samples/Ad_Hoc_Views/2_Sales_Mix_by_Demographic_files</folder>
            <name>topicJRXML</name>
            <version>0</version>
            <label>topicJRXML</label>
            <creationDate>2013-10-16T12:00:20.648-07:00</creationDate>
            <updateDate>2013-03-30T10:09:42.429-07:00</updateDate>
            <fileType>jrxml</fileType>
        </localResource>
    </resource>
    <resource>
        <localResource
            xmlns:xsi="http://www.w3.org/2001/XMLSchema-instance"
            exportedWithPermissions="false" dataFile="stateXML.data" xsi:type="fileResource">
            <folder>/public/Samples/Ad_Hoc_Views/2_Sales_Mix_by_Demographic_files</folder>
            <name>stateXML</name>
            <version>0</version>
            <label>stateXML</label>
            <creationDate>2013-10-16T12:00:20.648-07:00</creationDate>
            <updateDate>2013-03-30T10:09:42.429-07:00</updateDate>
            <fileType>xml</fileType>
        </localResource>
    </resource>
    <alwaysPromptControls>false</alwaysPromptControls>
    <controlsLayout>1</controlsLayout>
</adhocDataView>
