<?xml version="1.0" encoding="UTF-8"?>
<adhocDataView exportedWithPermissions="true">
    <folder>/public/Samples/Ad_Hoc_Views</folder>
    <name>4_Product_Results_by_Store_Type</name>
    <version>0</version>
    <label>4. Product Results by Store Type</label>
    <description>Sample Filtered Table Report Showing Multiple Measures</description>
    <creationDate>2013-10-16T12:00:21.142-07:00</creationDate>
    <updateDate>2013-09-27T07:20:58.240-07:00</updateDate>
    <dataSource>
        <uri>/public/Samples/Domains/supermartDomain</uri>
    </dataSource>
    <inputControl>
        <localResource
            xmlns:xsi="http://www.w3.org/2001/XMLSchema-instance"
            exportedWithPermissions="false" xsi:type="inputControl">
            <folder>/public/Samples/Ad_Hoc_Views/4_Product_Results_by_Store_Type_files</folder>
            <name>sales__store__region__sales_country_1</name>
            <version>0</version>
            <label>$R{supermart.region.sales_country.label}</label>
            <creationDate>2013-10-16T12:00:21.142-07:00</creationDate>
            <updateDate>2013-09-27T07:20:58.240-07:00</updateDate>
            <type>7</type>
            <mandatory>false</mandatory>
            <readOnly>false</readOnly>
            <visible>true</visible>
            <query>
                <localResource exportedWithPermissions="false" xsi:type="query">
                    <folder>/public/Samples/Ad_Hoc_Views/4_Product_Results_by_Store_Type_files/sales__store__region__sales_country_1_files</folder>
                    <name>sales__store__region__sales_country_1</name>
                    <version>0</version>
                    <label>$R{supermart.region.sales_country.label}</label>
                    <creationDate>2013-10-16T12:00:21.142-07:00</creationDate>
                    <updateDate>2013-09-27T07:20:58.240-07:00</updateDate>
                    <language>domain</language>
                    <queryString>&lt;?xml version="1.0" encoding="UTF-8"?&gt;
&lt;query xmlns="http://www.jaspersoft.com/2007/SL/XMLSchema"&gt;
  &lt;groupList&gt;
    &lt;group columnName="sales_fact_ALL.sales__store.sales__store__region.sales__store__region__sales_country" /&gt;
  &lt;/groupList&gt;
  &lt;queryFields&gt;
    &lt;queryField id="sales_fact_ALL.sales__store.sales__store__store_features.sales__store__store_features__video_store" /&gt;
    &lt;queryField id="sales_fact_ALL.sales_fact_ALL__store_sales_2013" /&gt;
    &lt;queryField id="sales_fact_ALL.sales__store.sales__store__store_contact.sales__store__store_contact__store_state" /&gt;
    &lt;queryField id="sales_fact_ALL.sales__store.sales__store__store_name" /&gt;
    &lt;queryField id="sales_fact_ALL.sales_fact_ALL__unit_sales_2013" /&gt;
    &lt;queryField id="sales_fact_ALL.sales__product.sales__product__product_name" /&gt;
    &lt;queryField id="sales_fact_ALL.sales__store.sales__store__store_features.sales__store__store_features__frozen_sqft" /&gt;
    &lt;queryField id="sales_fact_ALL.sales_fact_ALL__store_cost_2013" /&gt;
    &lt;queryField id="sales_fact_ALL.sales__store.sales__store__store_features.sales__store__store_features__meat_sqft" /&gt;
    &lt;queryField id="sales_fact_ALL.sales__product.sales__product__low_fat" /&gt;
    &lt;queryField id="sales_fact_ALL.sales__product.sales__product__gross_weight" /&gt;
    &lt;queryField id="sales_fact_ALL.sales__product.sales__product__shelf_height" /&gt;
    &lt;queryField id="sales_fact_ALL.sales__store.sales__store__store_features.sales__store__store_features__last_remodel_date" /&gt;
    &lt;queryField id="sales_fact_ALL.sales__product.sales__product__units_per_case" /&gt;
    &lt;queryField id="sales_fact_ALL.sales__product.sales__product__shelf_width" /&gt;
    &lt;queryField id="sales_fact_ALL.sales__store.sales__store__store_features.sales__store__store_features__grocery_sqft" /&gt;
    &lt;queryField id="sales_fact_ALL.sales__store.sales__store__store_type" /&gt;
    &lt;queryField id="sales_fact_ALL.sales__product.sales__product__recyclable_package" /&gt;
    &lt;queryField id="sales_fact_ALL.sales__store.sales__store__store_contact.sales__store__store_contact__store_postal_code" /&gt;
    &lt;queryField id="sales_fact_ALL.sales__product.sales__product__net_weight" /&gt;
    &lt;queryField id="sales_fact_ALL.sales__product.sales__product__shelf_depth" /&gt;
    &lt;queryField id="sales_fact_ALL.sales__store.sales__store__store_features.sales__store__store_features__coffee_bar" /&gt;
    &lt;queryField id="sales_fact_ALL.sales__store.sales__store__store_features.sales__store__store_features__salad_bar" /&gt;
    &lt;queryField id="sales_fact_ALL.sales__product.sales__product__SRP" /&gt;
    &lt;queryField id="sales_fact_ALL.sales__store.sales__store__region.sales__store__region__sales_country" /&gt;
    &lt;queryField id="sales_fact_ALL.sales__store.sales__store__region.sales__store__region__sales_district" /&gt;
    &lt;queryField id="sales_fact_ALL.sales__store.sales__store__store_contact.sales__store__store_contact__store_city" /&gt;
    &lt;queryField id="sales_fact_ALL.sales__store.sales__store__store_contact.sales__store__store_contact__store_street_address" /&gt;
    &lt;queryField id="sales_fact_ALL.sales__store.sales__store__store_features.sales__store__store_features__first_opened_date" /&gt;
    &lt;queryField id="sales_fact_ALL.sales__store.sales__store__store_features.sales__store__store_features__prepared_food" /&gt;
    &lt;queryField id="sales_fact_ALL.sales__product.sales__product__brand_name" /&gt;
    &lt;queryField id="sales_fact_ALL.sales__store.sales__store__store_features.sales__store__store_features__florist" /&gt;
    &lt;queryField id="sales_fact_ALL.sales__store.sales__store__store_contact.sales__store__store_contact__store_fax" /&gt;
    &lt;queryField id="sales_fact_ALL.sales__store.sales__store__store_features.sales__store__store_features__store_sqft" /&gt;
    &lt;queryField id="sales_fact_ALL.sales__product.sales__product__SKU" /&gt;
    &lt;queryField id="sales_fact_ALL.sales__store.sales__store__store_contact.sales__store__store_contact__store_manager" /&gt;
    &lt;queryField id="sales_fact_ALL.sales__store.sales__store__region.sales__store__region__sales_city" /&gt;
    &lt;queryField id="sales_fact_ALL.sales__store.sales__store__store_contact.sales__store__store_contact__store_country" /&gt;
    &lt;queryField id="sales_fact_ALL.sales__store.sales__store__store_contact.sales__store__store_contact__store_phone" /&gt;
    &lt;queryField id="sales_fact_ALL.sales__store.sales__store__store_contact.sales__store__store_contact__store_number" /&gt;
    &lt;queryField id="sales_fact_ALL.sales__store.sales__store__region.sales__store__region__sales_region" /&gt;
    &lt;queryField id="sales_fact_ALL.sales__product.sales__product__cases_per_pallet" /&gt;
    &lt;queryField id="sales_fact_ALL.sales__store.sales__store__region.sales__store__region__sales_state_province" /&gt;
  &lt;/queryFields&gt;
&lt;/query&gt;

</queryString>
                    <dataSource>
                        <uri>/public/Samples/Domains/supermartDomain</uri>
                    </dataSource>
                </localResource>
            </query>
            <queryVisibleColumn>sales_fact_ALL.sales__store.sales__store__region.sales__store__region__sales_country</queryVisibleColumn>
            <queryValueColumn>sales_fact_ALL.sales__store.sales__store__region.sales__store__region__sales_country</queryValueColumn>
        </localResource>
    </inputControl>
    <inputControl>
        <localResource
            xmlns:xsi="http://www.w3.org/2001/XMLSchema-instance"
            exportedWithPermissions="false" xsi:type="inputControl">
            <folder>/public/Samples/Ad_Hoc_Views/4_Product_Results_by_Store_Type_files</folder>
            <name>sales__product__product_name_1</name>
            <version>0</version>
            <label>$R{supermart.product.product_name.label}</label>
            <creationDate>2013-10-16T12:00:21.142-07:00</creationDate>
            <updateDate>2013-09-27T07:20:58.240-07:00</updateDate>
            <type>7</type>
            <mandatory>false</mandatory>
            <readOnly>false</readOnly>
            <visible>true</visible>
            <query>
                <localResource exportedWithPermissions="false" xsi:type="query">
                    <folder>/public/Samples/Ad_Hoc_Views/4_Product_Results_by_Store_Type_files/sales__product__product_name_1_files</folder>
                    <name>sales__product__product_name_1</name>
                    <version>0</version>
                    <label>$R{supermart.product.product_name.label}</label>
                    <creationDate>2013-10-16T12:00:21.142-07:00</creationDate>
                    <updateDate>2013-09-27T07:20:58.240-07:00</updateDate>
                    <language>domain</language>
                    <queryString>&lt;?xml version="1.0" encoding="UTF-8"?&gt;
&lt;query xmlns="http://www.jaspersoft.com/2007/SL/XMLSchema"&gt;
  &lt;groupList&gt;
    &lt;group columnName="sales_fact_ALL.sales__product.sales__product__product_name" /&gt;
  &lt;/groupList&gt;
  &lt;queryFields&gt;
    &lt;queryField id="sales_fact_ALL.sales__store.sales__store__store_features.sales__store__store_features__video_store" /&gt;
    &lt;queryField id="sales_fact_ALL.sales_fact_ALL__store_sales_2013" /&gt;
    &lt;queryField id="sales_fact_ALL.sales__store.sales__store__store_contact.sales__store__store_contact__store_state" /&gt;
    &lt;queryField id="sales_fact_ALL.sales__store.sales__store__store_name" /&gt;
    &lt;queryField id="sales_fact_ALL.sales_fact_ALL__unit_sales_2013" /&gt;
    &lt;queryField id="sales_fact_ALL.sales__product.sales__product__product_name" /&gt;
    &lt;queryField id="sales_fact_ALL.sales__store.sales__store__store_features.sales__store__store_features__frozen_sqft" /&gt;
    &lt;queryField id="sales_fact_ALL.sales_fact_ALL__store_cost_2013" /&gt;
    &lt;queryField id="sales_fact_ALL.sales__store.sales__store__store_features.sales__store__store_features__meat_sqft" /&gt;
    &lt;queryField id="sales_fact_ALL.sales__product.sales__product__low_fat" /&gt;
    &lt;queryField id="sales_fact_ALL.sales__product.sales__product__gross_weight" /&gt;
    &lt;queryField id="sales_fact_ALL.sales__product.sales__product__shelf_height" /&gt;
    &lt;queryField id="sales_fact_ALL.sales__store.sales__store__store_features.sales__store__store_features__last_remodel_date" /&gt;
    &lt;queryField id="sales_fact_ALL.sales__product.sales__product__units_per_case" /&gt;
    &lt;queryField id="sales_fact_ALL.sales__product.sales__product__shelf_width" /&gt;
    &lt;queryField id="sales_fact_ALL.sales__store.sales__store__store_features.sales__store__store_features__grocery_sqft" /&gt;
    &lt;queryField id="sales_fact_ALL.sales__store.sales__store__store_type" /&gt;
    &lt;queryField id="sales_fact_ALL.sales__product.sales__product__recyclable_package" /&gt;
    &lt;queryField id="sales_fact_ALL.sales__store.sales__store__store_contact.sales__store__store_contact__store_postal_code" /&gt;
    &lt;queryField id="sales_fact_ALL.sales__product.sales__product__net_weight" /&gt;
    &lt;queryField id="sales_fact_ALL.sales__product.sales__product__shelf_depth" /&gt;
    &lt;queryField id="sales_fact_ALL.sales__store.sales__store__store_features.sales__store__store_features__coffee_bar" /&gt;
    &lt;queryField id="sales_fact_ALL.sales__store.sales__store__store_features.sales__store__store_features__salad_bar" /&gt;
    &lt;queryField id="sales_fact_ALL.sales__product.sales__product__SRP" /&gt;
    &lt;queryField id="sales_fact_ALL.sales__store.sales__store__region.sales__store__region__sales_country" /&gt;
    &lt;queryField id="sales_fact_ALL.sales__store.sales__store__region.sales__store__region__sales_district" /&gt;
    &lt;queryField id="sales_fact_ALL.sales__store.sales__store__store_contact.sales__store__store_contact__store_city" /&gt;
    &lt;queryField id="sales_fact_ALL.sales__store.sales__store__store_contact.sales__store__store_contact__store_street_address" /&gt;
    &lt;queryField id="sales_fact_ALL.sales__store.sales__store__store_features.sales__store__store_features__first_opened_date" /&gt;
    &lt;queryField id="sales_fact_ALL.sales__store.sales__store__store_features.sales__store__store_features__prepared_food" /&gt;
    &lt;queryField id="sales_fact_ALL.sales__product.sales__product__brand_name" /&gt;
    &lt;queryField id="sales_fact_ALL.sales__store.sales__store__store_features.sales__store__store_features__florist" /&gt;
    &lt;queryField id="sales_fact_ALL.sales__store.sales__store__store_contact.sales__store__store_contact__store_fax" /&gt;
    &lt;queryField id="sales_fact_ALL.sales__store.sales__store__store_features.sales__store__store_features__store_sqft" /&gt;
    &lt;queryField id="sales_fact_ALL.sales__product.sales__product__SKU" /&gt;
    &lt;queryField id="sales_fact_ALL.sales__store.sales__store__store_contact.sales__store__store_contact__store_manager" /&gt;
    &lt;queryField id="sales_fact_ALL.sales__store.sales__store__region.sales__store__region__sales_city" /&gt;
    &lt;queryField id="sales_fact_ALL.sales__store.sales__store__store_contact.sales__store__store_contact__store_country" /&gt;
    &lt;queryField id="sales_fact_ALL.sales__store.sales__store__store_contact.sales__store__store_contact__store_phone" /&gt;
    &lt;queryField id="sales_fact_ALL.sales__store.sales__store__store_contact.sales__store__store_contact__store_number" /&gt;
    &lt;queryField id="sales_fact_ALL.sales__store.sales__store__region.sales__store__region__sales_region" /&gt;
    &lt;queryField id="sales_fact_ALL.sales__product.sales__product__cases_per_pallet" /&gt;
    &lt;queryField id="sales_fact_ALL.sales__store.sales__store__region.sales__store__region__sales_state_province" /&gt;
  &lt;/queryFields&gt;
&lt;/query&gt;

</queryString>
                    <dataSource>
                        <uri>/public/Samples/Domains/supermartDomain</uri>
                    </dataSource>
                </localResource>
            </query>
            <queryVisibleColumn>sales_fact_ALL.sales__product.sales__product__product_name</queryVisibleColumn>
            <queryValueColumn>sales_fact_ALL.sales__product.sales__product__product_name</queryValueColumn>
        </localResource>
    </inputControl>
    <resource>
        <localResource
            xmlns:xsi="http://www.w3.org/2001/XMLSchema-instance"
            exportedWithPermissions="false"
            dataFile="supermart_domain.properties.data" xsi:type="fileResource">
            <folder>/public/Samples/Ad_Hoc_Views/4_Product_Results_by_Store_Type_files</folder>
            <name>supermart_domain.properties</name>
            <version>0</version>
            <label>bundle</label>
            <description>bundle</description>
            <creationDate>2013-10-16T12:00:21.142-07:00</creationDate>
            <updateDate>2013-09-27T07:20:58.240-07:00</updateDate>
            <fileType>prop</fileType>
        </localResource>
    </resource>
    <resource>
        <localResource
            xmlns:xsi="http://www.w3.org/2001/XMLSchema-instance"
            exportedWithPermissions="false"
            dataFile="supermart_domain_en_US.properties.data" xsi:type="fileResource">
            <folder>/public/Samples/Ad_Hoc_Views/4_Product_Results_by_Store_Type_files</folder>
            <name>supermart_domain_en_US.properties</name>
            <version>0</version>
            <label>bundle</label>
            <description>bundle</description>
            <creationDate>2013-10-16T12:00:21.142-07:00</creationDate>
            <updateDate>2013-09-27T07:20:58.240-07:00</updateDate>
            <fileType>prop</fileType>
        </localResource>
    </resource>
    <resource>
        <localResource
            xmlns:xsi="http://www.w3.org/2001/XMLSchema-instance"
            exportedWithPermissions="false"
            dataFile="supermart_domain_es.properties.data" xsi:type="fileResource">
            <folder>/public/Samples/Ad_Hoc_Views/4_Product_Results_by_Store_Type_files</folder>
            <name>supermart_domain_es.properties</name>
            <version>0</version>
            <label>bundle</label>
            <description>bundle</description>
            <creationDate>2013-10-16T12:00:21.142-07:00</creationDate>
            <updateDate>2013-09-27T07:20:58.240-07:00</updateDate>
            <fileType>prop</fileType>
        </localResource>
    </resource>
    <resource>
        <localResource
            xmlns:xsi="http://www.w3.org/2001/XMLSchema-instance"
            exportedWithPermissions="false"
            dataFile="supermart_domain_fr.properties.data" xsi:type="fileResource">
            <folder>/public/Samples/Ad_Hoc_Views/4_Product_Results_by_Store_Type_files</folder>
            <name>supermart_domain_fr.properties</name>
            <version>0</version>
            <label>bundle</label>
            <description>bundle</description>
            <creationDate>2013-10-16T12:00:21.142-07:00</creationDate>
            <updateDate>2013-09-27T07:20:58.240-07:00</updateDate>
            <fileType>prop</fileType>
        </localResource>
    </resource>
    <resource>
        <localResource
            xmlns:xsi="http://www.w3.org/2001/XMLSchema-instance"
            exportedWithPermissions="false"
            dataFile="supermart_domain_ja.properties.data" xsi:type="fileResource">
            <folder>/public/Samples/Ad_Hoc_Views/4_Product_Results_by_Store_Type_files</folder>
            <name>supermart_domain_ja.properties</name>
            <version>0</version>
            <label>bundle</label>
            <description>bundle</description>
            <creationDate>2013-10-16T12:00:21.142-07:00</creationDate>
            <updateDate>2013-09-27T07:20:58.240-07:00</updateDate>
            <fileType>prop</fileType>
        </localResource>
    </resource>
    <resource>
        <localResource
            xmlns:xsi="http://www.w3.org/2001/XMLSchema-instance"
            exportedWithPermissions="false"
            dataFile="supermart_domain_zh_CN.properties.data" xsi:type="fileResource">
            <folder>/public/Samples/Ad_Hoc_Views/4_Product_Results_by_Store_Type_files</folder>
            <name>supermart_domain_zh_CN.properties</name>
            <version>0</version>
            <label>bundle</label>
            <description>bundle</description>
            <creationDate>2013-10-16T12:00:21.142-07:00</creationDate>
            <updateDate>2013-09-27T07:20:58.240-07:00</updateDate>
            <fileType>prop</fileType>
        </localResource>
    </resource>
    <resource>
        <localResource
            xmlns:xsi="http://www.w3.org/2001/XMLSchema-instance"
            exportedWithPermissions="false"
            dataFile="supermart_domain_de.properties.data" xsi:type="fileResource">
            <folder>/public/Samples/Ad_Hoc_Views/4_Product_Results_by_Store_Type_files</folder>
            <name>supermart_domain_de.properties</name>
            <version>0</version>
            <label>bundle</label>
            <description>bundle</description>
            <creationDate>2013-10-16T12:00:21.142-07:00</creationDate>
            <updateDate>2013-09-27T07:20:58.240-07:00</updateDate>
            <fileType>prop</fileType>
        </localResource>
    </resource>
    <resource>
        <localResource
            xmlns:xsi="http://www.w3.org/2001/XMLSchema-instance"
            exportedWithPermissions="false" dataFile="topicJRXML.data" xsi:type="fileResource">
            <folder>/public/Samples/Ad_Hoc_Views/4_Product_Results_by_Store_Type_files</folder>
            <name>topicJRXML</name>
            <version>0</version>
            <label>topicJRXML</label>
            <creationDate>2013-10-16T12:00:21.142-07:00</creationDate>
            <updateDate>2013-09-27T07:20:58.240-07:00</updateDate>
            <fileType>jrxml</fileType>
        </localResource>
    </resource>
    <resource>
        <localResource
            xmlns:xsi="http://www.w3.org/2001/XMLSchema-instance"
            exportedWithPermissions="false" dataFile="stateXML.data" xsi:type="fileResource">
            <folder>/public/Samples/Ad_Hoc_Views/4_Product_Results_by_Store_Type_files</folder>
            <name>stateXML</name>
            <version>0</version>
            <label>stateXML</label>
            <creationDate>2013-10-16T12:00:21.142-07:00</creationDate>
            <updateDate>2013-09-27T07:20:58.240-07:00</updateDate>
            <fileType>xml</fileType>
        </localResource>
    </resource>
    <alwaysPromptControls>false</alwaysPromptControls>
    <controlsLayout>1</controlsLayout>
</adhocDataView>
