<?xml version="1.0" encoding="UTF-8"?>
<semanticLayerDataSource exportedWithPermissions="true">
    <folder>/public/audit/domains</folder>
    <name>AuditDomain</name>
    <version>0</version>
    <label>Audit Domain</label>
    <description>Use this domain to build audit reports</description>
    <creationDate>2013-10-16T12:03:11.000-07:00</creationDate>
    <updateDate>2013-10-16T12:03:11.000-07:00</updateDate>
    <schema>
        <localResource
            xmlns:xsi="http://www.w3.org/2001/XMLSchema-instance"
            exportedWithPermissions="false"
            dataFile="AuditDomain_schema.data" xsi:type="fileResource">
            <folder>/public/audit/domains/AuditDomain_files</folder>
            <name>AuditDomain_schema</name>
            <version>0</version>
            <label>AuditDomain_schema</label>
            <description>AuditDomain_schema</description>
            <creationDate>2013-10-16T12:03:11.000-07:00</creationDate>
            <updateDate>2013-10-16T12:03:11.000-07:00</updateDate>
            <fileType>xml</fileType>
        </localResource>
    </schema>
    <dataSource>
        <alias>AuditDataSource</alias>
        <dataSourceReference>
            <uri>/public/audit/datasources/AuditDataSource</uri>
        </dataSourceReference>
    </dataSource>
    <bundle>
        <localeStr></localeStr>
        <bundle>
            <localResource
                xmlns:xsi="http://www.w3.org/2001/XMLSchema-instance"
                exportedWithPermissions="false"
                dataFile="audit_schema.properties.data" xsi:type="fileResource">
                <folder>/public/audit/domains/AuditDomain_files</folder>
                <name>audit_schema.properties</name>
                <version>0</version>
                <label>audit_schema.properties</label>
                <creationDate>2013-10-16T12:03:11.000-07:00</creationDate>
                <updateDate>2013-10-16T12:03:11.000-07:00</updateDate>
                <fileType>prop</fileType>
            </localResource>
        </bundle>
    </bundle>
</semanticLayerDataSource>
