<?xml version="1.0" encoding="UTF-8"?>
<dashboardResource exportedWithPermissions="true">
    <folder>/public/Samples/Dashboards</folder>
    <name>Performance_Summary_Dashboard</name>
    <version>0</version>
    <label>2. Performance Summary Dashboard</label>
    <description>Sample Dashboard with Global Map, HTML5 Charts. Includes drill-through on customer table, map, and demographic chart.</description>
    <creationDate>2013-10-16T12:00:30.363-07:00</creationDate>
    <updateDate>2013-09-27T07:40:18.498-07:00</updateDate>
    <state>
        <theme>default</theme>
        <paperSize>content</paperSize>
        <property>
            <key>useAbsoluteSizing</key>
            <value>true</value>
        </property>
        <property>
            <key>dashboardName</key>
            <value>2. Performance Summary Dashboard</value>
        </property>
        <property>
            <key>paperSize</key>
            <value>content</value>
        </property>
        <property>
            <key>paramValuesChanged</key>
            <value>true</value>
        </property>
        <property>
            <key>localDatePattern</key>
            <value>yyyy-MM-dd</value>
        </property>
        <frame frameType="com.jaspersoft.ji.adhoc.DashboardContentFrame">
            <name>frame_1</name>
            <property>
                <key>dashFrameLeft</key>
                <value>161</value>
            </property>
            <property>
                <key>dashFrameTop</key>
                <value>22</value>
            </property>
            <property>
                <key>dashFrameWidth</key>
                <value>1027</value>
            </property>
            <property>
                <key>dashFrameHeight</key>
                <value>631</value>
            </property>
            <property>
                <key>dashFrameResourceType</key>
                <value>com.jaspersoft.jasperserver.api.metadata.jasperreports.domain.ReportUnit</value>
            </property>
            <property>
                <key>dashFrameResourceName</key>
                <value>14. Performance Summary</value>
            </property>
            <property>
                <key>dashFrameSource</key>
                <value>/flow.html?_flowId=viewReportFlow&amp;viewAsDashboardFrame=true&amp;dashboardViewer=true&amp;reportUnit=</value>
            </property>
            <property>
                <key>dashFrameScrollBars</key>
                <value>false</value>
            </property>
            <property>
                <key>dashResourceIndex</key>
                <value>0</value>
            </property>
        </frame>
        <frame frameType="com.jaspersoft.ji.adhoc.DashboardTextFrame">
            <name>text_1</name>
            <property>
                <key>dashFrameLeft</key>
                <value>924</value>
            </property>
            <property>
                <key>dashFrameTop</key>
                <value>39</value>
            </property>
            <property>
                <key>dashFrameWidth</key>
                <value>86</value>
            </property>
            <property>
                <key>dashFrameHeight</key>
                <value>16</value>
            </property>
            <property>
                <key>dashTextFrameLabel</key>
                <value>Product Family</value>
            </property>
            <property>
                <key>fontResizes</key>
                <value>false</value>
            </property>
            <property>
                <key>dashTextFrameFontSize</key>
                <value>11</value>
            </property>
            <property>
                <key>maxFontSize</key>
                <value>11</value>
            </property>
            <property>
                <key>dashTextFrameInputControlRef</key>
                <value>Product_Family</value>
            </property>
        </frame>
        <frame frameType="com.jaspersoft.ji.adhoc.DashboardControlFrame">
            <name>control_1</name>
            <property>
                <key>dashFrameLeft</key>
                <value>1021</value>
            </property>
            <property>
                <key>dashFrameTop</key>
                <value>38</value>
            </property>
            <property>
                <key>dashFrameWidth</key>
                <value>100</value>
            </property>
            <property>
                <key>dashFrameHeight</key>
                <value>16</value>
            </property>
            <property>
                <key>dashControlFrameParamName</key>
                <value>Product_Family</value>
            </property>
            <property>
                <key>dashControlFrameParamValue</key>
                <value>All</value>
            </property>
            <property>
                <key>dashControlFrameDefaultParamValue</key>
                <value>All</value>
            </property>
            <property>
                <key>dashControlFrameDataType</key>
                <value>String</value>
            </property>
        </frame>
    </state>
    <resource>
        <uri>/public/Samples/Reports/14.PerformanceSummary</uri>
    </resource>
</dashboardResource>
