<?xml version="1.0" encoding="UTF-8"?>
<folder>
    <parent>/analysis</parent>
    <name>connections</name>
    <label>Analysis Connections</label>
    <description>Connections used by Analysis</description>
    <creationDate>2011-06-03T13:46:47.000-07:00</creationDate>
    <updateDate>2011-06-03T13:46:47.000-07:00</updateDate>
    <resource>Foodmart</resource>
    <resource>FoodmartXmlaConnection</resource>
    <resource>SugarCRM</resource>
    <resource>SugarCRMXmlaConnection</resource>
</folder>
