<?xml version="1.0" encoding="UTF-8"?>
<xmlaConnection>
    <folder>/analysis/connections</folder>
    <name>FoodmartXmlaConnection</name>
    <version>0</version>
    <label>Foodmart XML/A Connection</label>
    <description>Foodmart XML/A Connection</description>
    <creationDate>2011-06-03T13:46:57.000-07:00</creationDate>
    <updateDate>2011-06-03T13:46:57.000-07:00</updateDate>
    <connectionURL>http://localhost:8080/jasperserver/xmla</connectionURL>
    <dataSource>Provider=Mondrian;DataSource=Foodmart;</dataSource>
    <catalog>Foodmart</catalog>
    <connectionUser>jasperadmin</connectionUser>
    <connectionPassword>jasperadmin</connectionPassword>
</xmlaConnection>
