<?xml version="1.0" encoding="UTF-8"?>
<reportUnit exportedWithPermissions="true">
    <folder>/public/diagnostic</folder>
    <name>JSDiagnosticReport</name>
    <version>0</version>
    <label>Diagnostic Report</label>
    <creationDate>2013-10-16T12:14:36.000-07:00</creationDate>
    <updateDate>2012-10-17T16:30:38.000-07:00</updateDate>
    <mainReport>
        <localResource
            xmlns:xsi="http://www.w3.org/2001/XMLSchema-instance"
            exportedWithPermissions="false"
            dataFile="JSDiagnosticReport_jrxml.data" xsi:type="fileResource">
            <folder>/public/diagnostic/JSDiagnosticReport_files</folder>
            <name>JSDiagnosticReport_jrxml</name>
            <version>0</version>
            <label>Main jrxml</label>
            <description>Main jrxml</description>
            <creationDate>2013-10-16T12:14:36.000-07:00</creationDate>
            <updateDate>2012-09-26T10:40:17.000-07:00</updateDate>
            <fileType>jrxml</fileType>
        </localResource>
    </mainReport>
    <dataSource>
        <uri>/public/diagnostic/JSDiagnosticDataSource</uri>
    </dataSource>
    <inputControl>
        <localResource
            xmlns:xsi="http://www.w3.org/2001/XMLSchema-instance"
            exportedWithPermissions="false" xsi:type="inputControl">
            <folder>/public/diagnostic/JSDiagnosticReport_files</folder>
            <name>IS_IGNORE_PAGINATION</name>
            <version>0</version>
            <label>Ignore Pagination</label>
            <description>If checked, the full report will show on one page</description>
            <creationDate>2013-10-16T12:14:36.000-07:00</creationDate>
            <updateDate>2012-10-17T16:25:27.000-07:00</updateDate>
            <type>8</type>
            <mandatory>true</mandatory>
            <readOnly>false</readOnly>
            <visible>true</visible>
            <listOfValues>
                <localResource exportedWithPermissions="false" xsi:type="listOfValues">
                    <folder>/public/diagnostic/JSDiagnosticReport_files/IS_IGNORE_PAGINATION_files</folder>
                    <name>YesNo</name>
                    <version>0</version>
                    <label>YesNo</label>
                    <creationDate>2013-10-16T12:14:36.000-07:00</creationDate>
                    <updateDate>2012-10-17T16:25:27.000-07:00</updateDate>
                    <item>
                        <itemLabel>Yes</itemLabel>
                        <itemValue xsi:type="java:java.lang.String">TRUE</itemValue>
                    </item>
                    <item>
                        <itemLabel>No</itemLabel>
                        <itemValue xsi:type="java:java.lang.String">FALSE</itemValue>
                    </item>
                </localResource>
            </listOfValues>
        </localResource>
    </inputControl>
    <alwaysPromptControls>false</alwaysPromptControls>
    <controlsLayout>1</controlsLayout>
</reportUnit>
