<?xml version="1.0" encoding="UTF-8"?>
<jdbcDataSource>
    <folder>/datasources</folder>
    <name>JServerJdbcDS</name>
    <version>0</version>
    <label>JServer Jdbc Data Source</label>
    <description>JServer Jdbc Data Source</description>
    <creationDate>2011-06-03T13:46:46.000-07:00</creationDate>
    <updateDate>2011-06-03T13:46:46.000-07:00</updateDate>
    <driver>com.mysql.jdbc.Driver</driver>
    <connectionUrl>jdbc:mysql://localhost:3306/sugarcrm?useUnicode=true&amp;amp;characterEncoding=UTF-8&amp;amp;autoReconnect=true&amp;amp;autoReconnectForPools=true</connectionUrl>
    <connectionUser>root</connectionUser>
    <connectionPassword>password</connectionPassword>
</jdbcDataSource>
