<?xml version="1.0" encoding="UTF-8"?>
<folder>
    <parent>/analysis</parent>
    <name>datasources</name>
    <label>Analysis Data Sources</label>
    <description>Data sources used by Analysis</description>
    <creationDate>2011-06-03T13:46:47.000-07:00</creationDate>
    <updateDate>2011-06-03T13:46:47.000-07:00</updateDate>
    <resource>FoodmartDataSource</resource>
    <resource>FoodmartDataSourceJNDI</resource>
    <resource>SugarCRMDataSource</resource>
    <resource>SugarCRMDataSourceJNDI</resource>
</folder>
