<?xml version="1.0" encoding="UTF-8"?>
<fileResource exportedWithPermissions="true" dataFile="viewer_toolbar_buttons_sprite.png.data">
    <folder>/organizations/organization_1/themes/default/images</folder>
    <name>viewer_toolbar_buttons_sprite.png</name>
    <version>0</version>
    <label>viewer_toolbar_buttons_sprite.png</label>
    <creationDate>2013-10-16T12:03:44.000-07:00</creationDate>
    <updateDate>2013-10-16T12:03:44.000-07:00</updateDate>
    <fileType>img</fileType>
</fileResource>
