<?xml version="1.0" encoding="UTF-8"?>
<jdbcDataSource exportedWithPermissions="true">
    <folder>/analysis/datasources</folder>
    <name>FoodmartDataSource</name>
    <version>0</version>
    <label>Foodmart Data Source</label>
    <description>Foodmart Data Source</description>
    <creationDate>2013-10-22T15:41:16.000-07:00</creationDate>
    <updateDate>2013-10-22T15:41:16.000-07:00</updateDate>
    <driver>org.mariadb.jdbc.Driver</driver>
    <connectionUrl>jdbc:mysql://localhost:3306/foodmart?useUnicode=true&amp;amp;characterEncoding=UTF-8&amp;amp;autoReconnect=true&amp;amp;autoReconnectForPools=true</connectionUrl>
    <connectionUser>root</connectionUser>
    <connectionPassword>ENC&lt;5138E073D85983D4BC86A2BEDBE0CA8D&gt;</connectionPassword>
</jdbcDataSource>
