<?xml version="1.0" encoding="UTF-8"?>
<folder>
    <parent>/themes</parent>
    <name>default</name>
    <label>default</label>
    <creationDate>2011-06-03T13:47:30.000-07:00</creationDate>
    <updateDate>2011-06-03T13:47:30.000-07:00</updateDate>
    <folder>images</folder>
    <resource>buttons.css</resource>
    <resource>containers.css</resource>
    <resource>controls.css</resource>
    <resource>dataDisplays.css</resource>
    <resource>dialogSpecific.css</resource>
    <resource>lists.css</resource>
    <resource>overrides_custom.css</resource>
    <resource>overrides_ie7.css</resource>
    <resource>overrides_ie8.css</resource>
    <resource>pages.css</resource>
    <resource>pageSpecific.css</resource>
    <resource>samples.css</resource>
    <resource>theme.css</resource>
    <permission>
        <permissionMask>2</permissionMask>
        <recipient recipientType="role">ROLE_ADMINISTRATOR</recipient>
    </permission>
</folder>
