<?xml version="1.0" encoding="UTF-8"?>
<fileResource exportedWithPermissions="true" dataFile="supermart_es.properties.data">
    <folder>/public/Samples/Resources/Extras</folder>
    <name>supermart_es.properties</name>
    <version>0</version>
    <label>supermart_es.properties</label>
    <description>Spanish resource bundle</description>
    <creationDate>2013-10-16T12:00:25.745-07:00</creationDate>
    <updateDate>2013-09-06T00:02:13.918-07:00</updateDate>
    <fileType>prop</fileType>
</fileResource>
