<?xml version="1.0" encoding="UTF-8"?>
<fileResource exportedWithPermissions="true" dataFile="supermart_ja.properties.data">
    <folder>/public/Samples/Resources/Extras</folder>
    <name>supermart_ja.properties</name>
    <version>0</version>
    <label>supermart_ja.properties</label>
    <description>Japanese resource bundle</description>
    <creationDate>2013-10-16T12:00:25.964-07:00</creationDate>
    <updateDate>2013-09-06T00:02:44.636-07:00</updateDate>
    <fileType>prop</fileType>
</fileResource>
