<?xml version="1.0" encoding="UTF-8"?>
<fileResource exportedWithPermissions="true" dataFile="button_action_primary_sprite.png.data">
    <folder>/organizations/organization_1/themes/jasper_dark/images</folder>
    <name>button_action_primary_sprite.png</name>
    <version>0</version>
    <label>button_action_primary_sprite.png</label>
    <creationDate>2013-10-16T12:03:46.000-07:00</creationDate>
    <updateDate>2013-10-16T12:03:46.000-07:00</updateDate>
    <fileType>img</fileType>
</fileResource>
