<?xml version="1.0" encoding="UTF-8"?>
<inputControl exportedWithPermissions="true">
    <folder>/public/Samples/Resources/Input_Controls</folder>
    <name>states</name>
    <version>0</version>
    <label>States Input Control</label>
    <description>Uses USWesternRegionStatesList. Maps to states parameter.</description>
    <creationDate>2013-10-16T12:00:26.761-07:00</creationDate>
    <updateDate>2013-10-07T16:39:16.266-07:00</updateDate>
    <type>3</type>
    <mandatory>false</mandatory>
    <readOnly>false</readOnly>
    <visible>false</visible>
    <listOfValues>
        <uri>/public/Samples/Resources/Data_Types/USWesternStatesList</uri>
    </listOfValues>
</inputControl>
