<?xml version="1.0" encoding="UTF-8"?>
<jndiJdbcDataSource exportedWithPermissions="true">
    <folder>/organizations/organization_1/analysis/datasources</folder>
    <name>FoodmartDataSourceJNDI</name>
    <version>0</version>
    <label>Foodmart Data Source JNDI</label>
    <description>Foodmart Data Source JNDI</description>
    <creationDate>2013-10-16T11:59:47.858-07:00</creationDate>
    <updateDate>2013-10-16T11:59:47.858-07:00</updateDate>
    <jndiName>jdbc/foodmart</jndiName>
</jndiJdbcDataSource>
