<?xml version="1.0" encoding="UTF-8"?>
<virtualDataSource exportedWithPermissions="true">
    <folder>/public/Samples/Data_Sources</folder>
    <name>ExmapleVDS</name>
    <version>0</version>
    <label>ExampleVDS</label>
    <description></description>
    <creationDate>2013-10-16T12:00:32.588-07:00</creationDate>
    <updateDate>2013-01-03T06:40:18.245-08:00</updateDate>
    <dataSource>
        <alias>SugarCRMDataSource</alias>
        <dataSourceReference>
            <uri>/organizations/organization_1/analysis/datasources/SugarCRMDataSource</uri>
        </dataSourceReference>
    </dataSource>
    <dataSource>
        <alias>FoodmartDataSource</alias>
        <dataSourceReference>
            <uri>/organizations/organization_1/analysis/datasources/FoodmartDataSource</uri>
        </dataSourceReference>
    </dataSource>
    <timezone></timezone>
</virtualDataSource>
