<?xml version="1.0" encoding="UTF-8"?>
<folder>
    <parent>/themes/pods_summer</parent>
    <name>images</name>
    <label>images</label>
    <creationDate>2011-06-03T13:47:35.000-07:00</creationDate>
    <updateDate>2011-06-03T13:47:35.000-07:00</updateDate>
    <resource>body_bkgnd.png</resource>
    <resource>button_action_jumbo_sprite.png</resource>
    <resource>button_action_primary_sprite.png</resource>
    <resource>button_capsule_sprite.png</resource>
    <resource>disclosure_indicators_sprite.png</resource>
    <resource>frame_header_sprite.png</resource>
    <resource>logo.png</resource>
    <resource>menu_primaryNav_sprite.png</resource>
    <resource>search_sprite.png</resource>
    <resource>tabs_horizontal_sprite.png</resource>
    <resource>tabs_vertical_sprite.png</resource>
</folder>
